id	company_name	description	profile_url	states_served	headquarters	other_locations	gallery_media	image_count	video_count	aggregate_rating	review_count
1	All Energy Solar	Our team of industry professionals have been focused on providing long term, trusted relationships since 2009. Our industry experience allows us to confidently handle every aspect of the solar proces...	https://www.energysage.com/supplier/20385/all-energy-solar/	IA,IL,MA,MN,NH,NY,WI	1264 Energy Lane Saint Paul, MN 55108 United States	1264 Energy Lane Saint Paul, MN 55108 | 66-D Main Line Drive Westfield, MA 01085 | 5 Marsh Court Madison, WI 53718	all-energy-solar_1745078936_1 | all-energy-solar_1745078936_2 | all-energy-solar_1745078937_3 | all-energy-solar_1745078937_4 | all-energy-solar_1745078937_5 | all-energy-solar_1745078937_6 | all-energy-solar_1745078938_7 | all-energy-solar_1745078938_8 | all-energy-solar_1745078938_9 | all-energy-solar_1745078938_10 | all-energy-solar_1745078939_11 | all-energy-solar_1745078939_12 | all-energy-solar_1745078939_13 | all-energy-solar_1745078939_14 | all-energy-solar_1745078939_15 | all-energy-solar_1745078939_16	10	6	5.0	327
2	NuWatt Energy	At NuWatt Energy, we strive to empower our clients by offering genuine energy independence and enhanced efficiency through our top-notch solar energy and heat pump AC systems. We carefully select prem...	https://www.energysage.com/supplier/424/nuwatt-energy/	CA,CT,GA,MA,ME,NH,NJ,NY,PA,RI,TX,VT	2 Courthouse Lane Chelmsford, MA 01824 United States	2 Courthouse Lane Chelmsford, MA 01824 | 400 TradeCenter, Suite 5900 Woburn, MA 01801 | 5 Greentree Ctr, 525 Rte 73 N Marlton, NJ 08053 | 62 Portland Rd Kennebunk, ME 04043 | 2389 Main St Glastonbury, CT 06033 | 1010 Tiogue Ave #4 Coventry, RI 02816 | 40 Montgomery Ave Ardmore, PA 19003 | 145 Pine Haven Shores Rd., Shelburne, VT 05482	nuwatt-energy_1745079209_1 | nuwatt-energy_1745079209_2 | nuwatt-energy_1745079209_3 | nuwatt-energy_1745079209_4	4	0	4.5	119
3	Viridis Energy Solutions	There is no denying that solar is making a huge difference for our customers! Be it the financial benefits, environmental benefits, community benefits or even energy independence, solar helps you not ...	https://www.energysage.com/supplier/26923/viridis-energy-solutions/	MA,NH,RI	171 Merrimac St. Woburn, MA 01527 United States		viridis-energy-solutions_1745079316_1 | viridis-energy-solutions_1745079316_2 | viridis-energy-solutions_1745079317_3 | viridis-energy-solutions_1745079317_4 | viridis-energy-solutions_1745079317_5 | viridis-energy-solutions_1745079317_6 | viridis-energy-solutions_1745079318_7 | viridis-energy-solutions_1745079318_8 | viridis-energy-solutions_1745079318_9 | viridis-energy-solutions_1745079318_10 | viridis-energy-solutions_1745079319_11 | viridis-energy-solutions_1745079319_12 | viridis-energy-solutions_1745079319_13 | viridis-energy-solutions_1745079319_14 | viridis-energy-solutions_1745079319_15 | viridis-energy-solutions_1745079320_16 | viridis-energy-solutions_1745079320_17 | viridis-energy-solutions_1745079320_18 | viridis-energy-solutions_1745079320_19 | viridis-energy-solutions_1745079321_20 | viridis-energy-solutions_1745079321_21	21	0	5.0	39
4	Great Sky Solar	We are small by design, connected to our community, and hire the best people. We never subcontract any portion of our work, and all of our employees enjoy strong salaries and a healthy work/life balan...	https://www.energysage.com/supplier/22882/great-sky-solar/	MA,NH	3 Bow Street Lexington, MA 02138 United States		great-sky-solar_1745079365_1 | great-sky-solar_1745079365_2 | great-sky-solar_1745079365_3 | great-sky-solar_1745079366_4 | great-sky-solar_1745079366_5 | great-sky-solar_1745079366_6 | great-sky-solar_1745079367_7 | great-sky-solar_1745079367_8 | great-sky-solar_1745079367_9 | great-sky-solar_1745079367_10 | great-sky-solar_1745079368_11 | great-sky-solar_1745079368_12 | great-sky-solar_1745079368_13 | great-sky-solar_1745079368_14 | great-sky-solar_1745079368_15 | great-sky-solar_1745079369_16 | great-sky-solar_1745079369_17 | great-sky-solar_1745079369_18 | great-sky-solar_1745079369_19 | great-sky-solar_1745079370_20 | great-sky-solar_1745079370_21 | great-sky-solar_1745079370_22 | great-sky-solar_1745079370_23 | great-sky-solar_1745079371_24 | great-sky-solar_1745079371_25 | great-sky-solar_1745079371_26 | great-sky-solar_1745079372_27	27	0	5.0	197
5	Future Energy Solar	Schedule your in person appointment with us. Once you meet us you will see why homeowners go solar with us. We choose a solution that is made to last and produce the most energy possible on your prop...	https://www.energysage.com/supplier/21231/future-energy-solar/	MA,NH	21 Olympia ave Unit V Woburn, MA 01801 United States		future-energy-solar_1745079541_1 | future-energy-solar_1745079541_2 | future-energy-solar_1745079542_3 | future-energy-solar_1745079542_4 | future-energy-solar_1745079542_5 | future-energy-solar_1745079542_6 | future-energy-solar_1745079542_7 | future-energy-solar_1745079543_8 | future-energy-solar_1745079543_9 | future-energy-solar_1745079543_10 | future-energy-solar_1745079543_11 | future-energy-solar_1745079544_12 | future-energy-solar_1745079544_13 | future-energy-solar_1745079544_14 | future-energy-solar_1745079544_15 | future-energy-solar_1745079545_16 | future-energy-solar_1745079545_17 | future-energy-solar_1745079545_18 | future-energy-solar_1745079545_19 | future-energy-solar_1745079546_20 | future-energy-solar_1745079546_21 | future-energy-solar_1745079546_22	22	0	5.0	93
6	Wattson Home Solutions	Fully local and family owned company providing clean energy solutions for MA residents since 2008. Solar is just a small part of what we offer here. We also install ductless minisplit systems, full in...	https://www.energysage.com/supplier/22681/wattson-home-solutions/	MA	100 Lamartine St Worcester, MA 01605 United States	311 Main Street Worcester, MA 01608	wattson-home-solutions_1745079634_1 | wattson-home-solutions_1745079634_2 | wattson-home-solutions_1745079635_3 | wattson-home-solutions_1745079635_4 | wattson-home-solutions_1745079635_5 | wattson-home-solutions_1745079636_6 | wattson-home-solutions_1745079636_7 | wattson-home-solutions_1745079636_8 | wattson-home-solutions_1745079636_9 | wattson-home-solutions_1745079637_10 | wattson-home-solutions_1745079637_11 | wattson-home-solutions_1745079637_12 | wattson-home-solutions_1745079638_13 | wattson-home-solutions_1745079638_14 | wattson-home-solutions_1745079638_15 | wattson-home-solutions_1745079638_16 | wattson-home-solutions_1745079639_17 | wattson-home-solutions_1745079639_18 | wattson-home-solutions_1745079639_19 | wattson-home-solutions_1745079639_20 | wattson-home-solutions_1745079640_21 | wattson-home-solutions_1745079640_22	22	0	5.0	47
7	Brightway Energy	Brightway Energy is comprised of a small, experienced team that takes pride in serving the communities of Massachusetts and New Hampshire. With a strong local presence, we bring deep expertise and a c...	https://www.energysage.com/supplier/25192/brightway-energy/	MA,NH	165 Middlesex Avenue Somerville, MA 02145 United States	165 Middlesex Ave Somerville, MA 02145	brightway-energy_1745079692_1 | brightway-energy_1745079692_2 | brightway-energy_1745079693_3 | brightway-energy_1745079693_4 | brightway-energy_1745079693_5 | brightway-energy_1745079694_6 | brightway-energy_1745079694_7 | brightway-energy_1745079695_8 | brightway-energy_1745079695_9 | brightway-energy_1745079695_10 | brightway-energy_1745079696_11 | brightway-energy_1745079696_12 | brightway-energy_1745079696_13 | brightway-energy_1745079697_14 | brightway-energy_1745079700_15 | brightway-energy_1745079700_16 | brightway-energy_1745079700_17 | brightway-energy_1745079701_18 | brightway-energy_1745079701_19 | brightway-energy_1745079701_20 | brightway-energy_1745079702_21 | brightway-energy_1745079702_22 | brightway-energy_1745079702_23 | brightway-energy_1745079703_24 | brightway-energy_1745079703_25 | brightway-energy_1745079704_26 | brightway-energy_1745079704_27 | brightway-energy_1745079704_28	28	0	5.0	26
8	Solar Rising LLC	Honesty, Integrity, Reliability. Solar Rising, LLC is a full service installation company providing residential and commercial service for PV, battery back up, EV charging stations, electrical servic...	https://www.energysage.com/supplier/20682/solar-rising-llc/	MA	348 Main Street Mashpee, MA 02649 United States		solar-rising-llc_1745079740_1 | solar-rising-llc_1745079740_2 | solar-rising-llc_1745079740_3 | solar-rising-llc_1745079740_4 | solar-rising-llc_1745079741_5 | solar-rising-llc_1745079741_6 | solar-rising-llc_1745079741_7 | solar-rising-llc_1745079742_8 | solar-rising-llc_1745079742_9 | solar-rising-llc_1745079742_10 | solar-rising-llc_1745079742_11 | solar-rising-llc_1745079743_12 | solar-rising-llc_1745079743_13 | solar-rising-llc_1745079743_14 | solar-rising-llc_1745079743_15 | solar-rising-llc_1745079744_16 | solar-rising-llc_1745079744_17 | solar-rising-llc_1745079744_18 | solar-rising-llc_1745079744_19 | solar-rising-llc_1745079745_20 | solar-rising-llc_1745079745_21 | solar-rising-llc_1745079745_22 | solar-rising-llc_1745079745_23 | solar-rising-llc_1745079746_24 | solar-rising-llc_1745079746_25 | solar-rising-llc_1745079746_26 | solar-rising-llc_1745079747_27 | solar-rising-llc_1745079747_28 | solar-rising-llc_1745079747_29 | solar-rising-llc_1745079748_31 | solar-rising-llc_1745079749_33 | solar-rising-llc_1745079749_34 | solar-rising-llc_1745079749_35	31	2	5.0	42
9	My Generation Energy	Welcome to My Generation Energy! Since 2009, we've been committed to bringing the benefits of renewable energy to the Cape & Islands and throughout Southeastern, Massachusetts. Whether you're a homeow...	https://www.energysage.com/supplier/21351/my-generation-energy/	MA	100 INDEPENDENCE DRIVE, SUITE 10 HYANNIS, MA 02601 United States		my-generation-energy_1745079796_1 | my-generation-energy_1745079796_2 | my-generation-energy_1745079796_3 | my-generation-energy_1745079797_4 | my-generation-energy_1745079797_5 | my-generation-energy_1745079797_6 | my-generation-energy_1745079798_7 | my-generation-energy_1745079798_8 | my-generation-energy_1745079798_9 | my-generation-energy_1745079798_10	8	2	5.0	8
10	SmartRoof Capital	SmartRoof offers an industry leading 30 year warranty, up front rebates, and one point of contact for your solar installation. From the moment you you start interacting with SmartRoof Capital, you wil...	https://www.energysage.com/supplier/25147/smartroof-capital/	MA,ME,NH,VT	6 Spice Street Charlestown, MA 02129 United States	29 Samoset Road Orleans, MA 02653 | 6 Spice Street, Suite 5 Charlestown, MA 02129	smartroof-capital_1745079817_1 | smartroof-capital_1745079817_2 | smartroof-capital_1745079818_3 | smartroof-capital_1745079818_4 | smartroof-capital_1745079819_5 | smartroof-capital_1745079819_6 | smartroof-capital_1745079819_7 | smartroof-capital_1745079820_8 | smartroof-capital_1745079820_9 | smartroof-capital_1745079820_10 | smartroof-capital_1745079820_11 | smartroof-capital_1745079821_12 | smartroof-capital_1745079821_13 | smartroof-capital_1745079821_14 | smartroof-capital_1745079821_15 | smartroof-capital_1745079822_16 | smartroof-capital_1745079822_17 | smartroof-capital_1745079822_18 | smartroof-capital_1745079822_19 | smartroof-capital_1745079823_20 | smartroof-capital_1745079823_21 | smartroof-capital_1745079823_22 | smartroof-capital_1745079824_23 | smartroof-capital_1745079824_24	23	1	5.0	38
11	SRsolarNH	If you are looking for a straightforward quote, along with the ability to speak directly with the owner from start to finish...Welcome to SRsolarNH. We've been installing Solar Systems since late 201...	https://www.energysage.com/supplier/27498/srsolarnh/	MA,ME,NH,VT	PO BOX 470 Candia, NH 03034 United States		srsolarnh_1745079868_1 | srsolarnh_1745079868_2 | srsolarnh_1745079869_3 | srsolarnh_1745079869_4 | srsolarnh_1745079869_5 | srsolarnh_1745079870_6 | srsolarnh_1745079870_7 | srsolarnh_1745079870_8 | srsolarnh_1745079870_9 | srsolarnh_1745079870_10 | srsolarnh_1745079871_11 | srsolarnh_1745079871_12 | srsolarnh_1745079871_13 | srsolarnh_1745079871_14 | srsolarnh_1745079871_15 | srsolarnh_1745079872_16 | srsolarnh_1745079872_17 | srsolarnh_1745079872_18 | srsolarnh_1745079872_19 | srsolarnh_1745079872_20 | srsolarnh_1745079872_21 | srsolarnh_1745079873_22 | srsolarnh_1745079873_23 | srsolarnh_1745079873_24 | srsolarnh_1745079873_25 | srsolarnh_1745079874_26 | srsolarnh_1745079874_27 | srsolarnh_1745079874_28 | srsolarnh_1745079875_29 | srsolarnh_1745079875_30 | srsolarnh_1745079875_31 | srsolarnh_1745079875_32 | srsolarnh_1745079876_33 | srsolarnh_1745079876_34 | srsolarnh_1745079876_35 | srsolarnh_1745079877_36	36	0	5.0	23
12	Renewable Energy Solutions LLC	Going Solar shouldn't be complicated - Let us handle all the details	https://www.energysage.com/supplier/21613/renewable-energy-solutions-llc/	MA,RI	181 Conant Street Unit 3R Pawtucket, RI 02860 United States	1694 POST RD WARWICK, RI 02888 | 181 CONANT ST UNIT B PAWTUCKET, RI 02860	renewable-energy-solutions-llc_1745079908_1 | renewable-energy-solutions-llc_1745079908_2 | renewable-energy-solutions-llc_1745079908_3 | renewable-energy-solutions-llc_1745079909_4 | renewable-energy-solutions-llc_1745079909_5 | renewable-energy-solutions-llc_1745079909_6 | renewable-energy-solutions-llc_1745079909_7 | renewable-energy-solutions-llc_1745079909_8 | renewable-energy-solutions-llc_1745079910_9 | renewable-energy-solutions-llc_1745079910_10 | renewable-energy-solutions-llc_1745079910_11 | renewable-energy-solutions-llc_1745079910_12 | renewable-energy-solutions-llc_1745079911_13	13	0	5.0	184
13	Palmetto Solar	Palmetto is leading the world into a clean energy future by making it easy for homeowners across the United States to switch from fossil fuels to solar energy. Our end-to-end approach takes the guessw...	https://www.energysage.com/supplier/21237/palmetto-solar/	AZ,CA,CO,CT,FL,GA,IL,IN,KY,LA,MA,MD,ME,MI,MN,NC,NH,NJ,NM,NV,NY,OH,OK,OR,PA,RI,SC,TX,VA,VT,WI	1616 Camden Rd, Ste 300 Charlotte, NC 28203 United States	4607 Elizabeth St West Mifflin, PA 15122 | 500 Huntington Ave Emsworth, PA 15202 | 606 Parkway View Dr Pittsburgh, PA 15205 | 204 Snavely Mill Rd Lititz, PA 17543 | 4939 Buttermilk Hollow Rd West Mifflin, PA 15122 | 19 Old Orchard Dr Easton, PA 18045 | 10131 Haga Ridge Rd Stewart, OH 45778 | 400 Monroe St Suite #261 Detroit, MI 48226 | 2823 Clydon Ave SW Wyoming, MI 49519 | 3260 Old Farm Ln Commerce Charter Twp, MI 48382 | 832 Phoenix Dr Ann Arbor, MI 48108 | 28306 Newland Dr Warren, MI 48093 | 299 Industrial Park Dr Belleville, MI 48111 | 3958 W 72nd St Newaygo, MI 49337 | 11112 Norlee Dr Silver Spring, MD 20902 | 809 Barkwood Ct Suites A/B Linthicum Heights, MD 21090 | 1125 West St Suite 522 Annapolis, MD 21401 | 725 Periwinkle Ln Aurora, IL 60504 | 850 N Central Ave Wood Dale, IL 60191 | 733 W Melrose St Chicago, IL 60657 | 1116 Morse Ave Schaumburg, IL 60193 | 1460 Renaissance Dr Park Ridge, IL 60068 | 950 Corporate Woods Pkwy Vernon Hills, IL 60061 | 3309 Robbins Rd Springfield, IL 62711 | 2527 W Farmington Rd West Peoria, IL 61604 | 250 W Dundee Rd. PO Box 267 Wheeling, IL 60090 | 2110 Troy Rd Suite B1 Edwardsville, IL 62025 | 15155 South 94th Avenue Orland Park, IL 60462 | 1349 Old 41 Hwy NW #100 Marietta, GA 30060 | 15503 Ga Hwy 109 Meansville, GA 30256 | 8614 Spivey Road Jonesboro, GA 30236 | 201 Greythorne Dr Kathleen, GA 31047 | 1815 Alberta Ln Winder, GA 30680 | 3138 Delacorte Dr Acworth, GA 30101 | 1302 W 23rd St #103 Tempe, AZ 85282 | 1431 E Enid Ave Maricopa, AZ 85204 | 50 W Hoover Ave #B Mesa, AZ 85210 | 2929 E Jones Ave Phoenix, AZ 85040 | 3960 E Palm St Building 9 Mesa, AZ 85215 | 2550 W Union Hills Dr Phoenix, AZ 85027 | 1682 Lake Murray Blvd Columbia, SC 29212 | 630 7th Ave Troy, NY 12182 | 875 Broadway Albany, NY 12207 | 12 Valley Rd, Suite A Jacobus, PA 17407 | 384 Chrome Rd. Rising Sun, MD 21911 | 1924 W. MAIN ST. EPHRATA, PA 17522 | 19 Old Orchard Dr Slickerville, NJ 08081 | 314 Cedar Swamp Rd Jackson Township, NJ 08527 | 19 Old Orchard Dr Sicklerville, NJ 08081 | 6330 Proprietors Road Worthington, OH 43085 | 2411 Crosspointe Dr Miamisburg, OH 45342 | 707 Miamisburg Centerville Rd #244 Dayton, OH 45459 | 9745 Business Park Drive Sacramento, CA 95827 | 9011 Memory Ln Spring Valley, CA 91977 | 1830 E Miraloma Ave Suite D Placentia, CA 92870 | 18271 McDurmott W. Ste. E Irvine, CA 92614 | 4550 E Pine Ave Fresno, CA 93703 | 515 S. Harbor Blvd., Suite B Anaheim, CA 92805 | 3597 Normount Rd. Oceanside, CA 92056 | 1730 New Britain Avenue Farmington, CT 06010 | 40 Odell School Road, Unit 19 Concord, NC 28027 | 1249 Kildaire Farm Rd #315 Cary, NC 27511 | 90 Beechwood Drive Lewisville, NC 27023 | 608 Paramount St. High Point, NC 27260 | 6 Pleasant View Rd Spencer, MA 01562 | 3 Industrial Park Rd. Medway, MA 02053 | 340 Riverside Dr Northampton, MA 01062 | 25 Edge Hill Road Lynn, MA 01904 | 1557 Westfield St. West Springfield, MA 01089 | 327 Captain Lewis Dr Southington, CT 06489 | 14409 Greenview Drive Suite 202 Laurel, MD 20708 | 535 Pine Street Central Falls, RI 02863 | 414 14th Street, Suite 50 Denver, CO 80202 | 1225 Ken Pratt Blvd. Longmont, CO 80501 | 741 Corporate Circle Golden, CO 80401 | 111 North Orange Avenue Orlando, FL 32801 | 1109 Delaware Avenue Fort Pierce, FL 34950 | 1075 NY-82 Hopewell Junction, NY 12533 | 2810 E Parham Rd Henrico, VA 23228 | 5750 N Sam Houston Pkwy E STE 605 Houston, TX 77032 | 4862-B Franchise St North Charleston, SC 29418 | 1160 S Lipan St Denver, CO 80223 | 23703 I-35, Unit 102C Kyle, TX 79640 | 7506 Pebble dr Fort Worth, TX 76118 | 2736 O’Neal Lane Ste B Baton Rouge, LA 70816 | 211 Se 50th Street Oklahoma City, OK 73129 | 9710 Paxton Rd Suit E and F Shreveport, LA 71106 | 1437 W Auto Drive Tempe, AZ 85284 | 3950 Anchuca Dr Suite 14 Lakeland, FL 33811 | 10418 New Berlin Rd Suite 115-116 Jacksonville, FL 32226 | 13865 Adelle Ave Rosemount, MN 55068 | 6540 Millennium Lansing, MI 48917 | 12 Center Park Rd Topsham, ME 04086	palmetto-solar_1745080068_1 | palmetto-solar_1745080068_2 | palmetto-solar_1745080068_3 | palmetto-solar_1745080068_4 | palmetto-solar_1745080069_5 | palmetto-solar_1745080069_6 | palmetto-solar_1745080069_7 | palmetto-solar_1745080069_8 | palmetto-solar_1745080070_9 | palmetto-solar_1745080070_10 | palmetto-solar_1745080070_11 | palmetto-solar_1745080070_12 | palmetto-solar_1745080071_13 | palmetto-solar_1745080071_14 | palmetto-solar_1745080071_15 | palmetto-solar_1745080071_16 | palmetto-solar_1745080072_17 | palmetto-solar_1745080072_18 | palmetto-solar_1745080072_19 | palmetto-solar_1745080072_20 | palmetto-solar_1745080072_21 | palmetto-solar_1745080073_22 | palmetto-solar_1745080073_23 | palmetto-solar_1745080073_24 | palmetto-solar_1745080073_25 | palmetto-solar_1745080074_26 | palmetto-solar_1745080074_27 | palmetto-solar_1745080074_28 | palmetto-solar_1745080075_29 | palmetto-solar_1745080075_30 | palmetto-solar_1745080075_31	31	0	4.5	128
14	SGE Solar (Second Generation Energy LLC)	Since 2008, Second Generation Energy has navigated the changing landscape of solar energy in Massachusetts, Rhode Island, and New Hampshire. We stayed ahead of industry trends and regulatory changes, ...	https://www.energysage.com/supplier/554/sge-solar-second-generation-energy-llc/	MA,NH,RI	85 S. Bow Street Milford, MA 01757 United States	85 South Bow Milford, MA 01757	sge-solar-second-generation-energy-llc_1745080192_1 | sge-solar-second-generation-energy-llc_1745080193_2 | sge-solar-second-generation-energy-llc_1745080193_3 | sge-solar-second-generation-energy-llc_1745080193_4 | sge-solar-second-generation-energy-llc_1745080193_5 | sge-solar-second-generation-energy-llc_1745080194_6 | sge-solar-second-generation-energy-llc_1745080194_7 | sge-solar-second-generation-energy-llc_1745080194_8 | sge-solar-second-generation-energy-llc_1745080194_9 | sge-solar-second-generation-energy-llc_1745080195_10 | sge-solar-second-generation-energy-llc_1745080195_11 | sge-solar-second-generation-energy-llc_1745080195_12 | sge-solar-second-generation-energy-llc_1745080195_13 | sge-solar-second-generation-energy-llc_1745080195_14 | sge-solar-second-generation-energy-llc_1745080196_15 | sge-solar-second-generation-energy-llc_1745080196_16 | sge-solar-second-generation-energy-llc_1745080196_17 | sge-solar-second-generation-energy-llc_1745080196_18 | sge-solar-second-generation-energy-llc_1745080196_19 | sge-solar-second-generation-energy-llc_1745080196_20 | sge-solar-second-generation-energy-llc_1745080197_21 | sge-solar-second-generation-energy-llc_1745080197_22 | sge-solar-second-generation-energy-llc_1745080197_23 | sge-solar-second-generation-energy-llc_1745080197_24 | sge-solar-second-generation-energy-llc_1745080198_25 | sge-solar-second-generation-energy-llc_1745080198_26 | sge-solar-second-generation-energy-llc_1745080198_27 | sge-solar-second-generation-energy-llc_1745080199_28 | sge-solar-second-generation-energy-llc_1745080199_29 | sge-solar-second-generation-energy-llc_1745080199_30 | sge-solar-second-generation-energy-llc_1745080200_31 | sge-solar-second-generation-energy-llc_1745080200_32 | sge-solar-second-generation-energy-llc_1745080201_34 | sge-solar-second-generation-energy-llc_1745080201_35 | sge-solar-second-generation-energy-llc_1745080201_37 | sge-solar-second-generation-energy-llc_1745080202_38 | sge-solar-second-generation-energy-llc_1745080202_39 | sge-solar-second-generation-energy-llc_1745080202_40 | sge-solar-second-generation-energy-llc_1745080203_41	36	3	4.5	49
15	Lunex Power Inc.	Lunex Power Inc is a leading provider of innovative and reliable solar energy solutions that help businesses and individuals save money and reduce their carbon footprint. Our cutting-edge technology a...	https://www.energysage.com/supplier/26305/lunex-power-inc/	FL,MA,RI	4721 N Grady Ave Tampa, FL 33614 United States	95 Prescott St, Unit 106 Worcester, MA 01605	lunex-power-inc_1745080258_1 | lunex-power-inc_1745080259_2 | lunex-power-inc_1745080259_3 | lunex-power-inc_1745080259_4 | lunex-power-inc_1745080259_5 | lunex-power-inc_1745080260_6 | lunex-power-inc_1745080260_7 | lunex-power-inc_1745080260_8 | lunex-power-inc_1745080260_9 | lunex-power-inc_1745080261_10 | lunex-power-inc_1745080261_11 | lunex-power-inc_1745080262_12 | lunex-power-inc_1745080262_13 | lunex-power-inc_1745080262_14 | lunex-power-inc_1745080262_15 | lunex-power-inc_1745080263_16 | lunex-power-inc_1745080263_17 | lunex-power-inc_1745080263_18 | lunex-power-inc_1745080263_19 | lunex-power-inc_1745080264_20 | lunex-power-inc_1745080264_21 | lunex-power-inc_1745080264_22 | lunex-power-inc_1745080264_23 | lunex-power-inc_1745080264_24 | lunex-power-inc_1745080265_25 | lunex-power-inc_1745080265_26 | lunex-power-inc_1745080266_29 | lunex-power-inc_1745080266_30 | lunex-power-inc_1745080267_31 | lunex-power-inc_1745080267_32 | lunex-power-inc_1745080268_33 | lunex-power-inc_1745080268_34 | lunex-power-inc_1745080268_35 | lunex-power-inc_1745080269_36 | lunex-power-inc_1745080269_37 | lunex-power-inc_1745080269_38 | lunex-power-inc_1745080269_39 | lunex-power-inc_1745080270_40 | lunex-power-inc_1745080270_41 | lunex-power-inc_1745080270_42	40	0	5.0	278
16	PlugPV	Your Sun, Your Power, Your Way. We want you to save money on your electric bill, and we think going solar should be easy. We handle all aspects of your solar project, and guide you through the entir...	https://www.energysage.com/supplier/22002/plugpv/	CA,CT,FL,IL,MA,NJ,NY,VT	630 7th Ave Troy, NY 12182 United States	253-D Worcester Rd Charlton, MA 01507 | 1525 Corlies Ave Neptune, NJ 07753 | 36 Kreiger Ln Ste E Glastonbury, CT 06033 | 300 E Business Way Cincinnati, OH 45241 | 3950 Anchuca Dr Lakeland, FL 33811 | 1847 Empire Blvd Webster, NY 14580	plugpv_1745080503_1 | plugpv_1745080503_2 | plugpv_1745080503_3 | plugpv_1745080504_4 | plugpv_1745080504_5 | plugpv_1745080504_6 | plugpv_1745080504_7 | plugpv_1745080504_8 | plugpv_1745080505_9	9	0	5.0	143
17	Sunergy Solutions, LLC	Energy bills have become too much to bare. With more rate increases in the near future, staying with a traditional energy company is no longer an option. You know solar is right for you and your famil...	https://www.energysage.com/supplier/25665/sunergy-solutions-llc/	FL,MA,ME,NH,RI,VA,VT	75 Gilcreast Rd. Suite 210 Londondery, NH 03053 United States	100 Main Street Amesbury, MA 01913	sunergy-solutions-llc_1745080631_1 | sunergy-solutions-llc_1745080631_2 | sunergy-solutions-llc_1745080631_3 | sunergy-solutions-llc_1745080632_5 | sunergy-solutions-llc_1745080632_6 | sunergy-solutions-llc_1745080632_7 | sunergy-solutions-llc_1745080632_8 | sunergy-solutions-llc_1745080632_9 | sunergy-solutions-llc_1745080633_10 | sunergy-solutions-llc_1745080633_11 | sunergy-solutions-llc_1745080633_12 | sunergy-solutions-llc_1745080633_13 | sunergy-solutions-llc_1745080634_14 | sunergy-solutions-llc_1745080634_15 | sunergy-solutions-llc_1745080634_16 | sunergy-solutions-llc_1745080634_17 | sunergy-solutions-llc_1745080635_18	16	1	5.0	9
18	Emmaty Exteriors	At Emmaty Exteriors, our principles are built on a foundation of the highest quality standards, building community, and giving back. Homeowners choose us because we deliver the best possible value. Ou...	https://www.energysage.com/supplier/26983/emmaty-exteriors/	MA,NH,RI	277 Main Street Northborough, MA 01757 United States		emmaty-exteriors_1745080656_1 | emmaty-exteriors_1745080656_2 | emmaty-exteriors_1745080657_3 | emmaty-exteriors_1745080657_4 | emmaty-exteriors_1745080657_5 | emmaty-exteriors_1745080657_6 | emmaty-exteriors_1745080658_7 | emmaty-exteriors_1745080658_8 | emmaty-exteriors_1745080658_9 | emmaty-exteriors_1745080658_10	10	0	5.0	11
19	Northeast Solar	Northeast Solar has been designing and installing solar out of our Hatfield office for over ten years. Solar technology has changed a lot in that time, but we’ve always stayed true to our core values ...	https://www.energysage.com/supplier/21837/northeast-solar/	MA	136 Elm Street Hatfield, MA 01038 United States		northeast-solar_1745080680_1 | northeast-solar_1745080680_2 | northeast-solar_1745080680_3 | northeast-solar_1745080680_4 | northeast-solar_1745080680_5 | northeast-solar_1745080681_6 | northeast-solar_1745080681_7 | northeast-solar_1745080681_8 | northeast-solar_1745080681_9 | northeast-solar_1745080681_10 | northeast-solar_1745080681_11 | northeast-solar_1745080682_12 | northeast-solar_1745080682_13 | northeast-solar_1745080682_14 | northeast-solar_1745080682_15 | northeast-solar_1745080683_16 | northeast-solar_1745080683_17 | northeast-solar_1745080683_18	13	5	5.0	32
20	ComfortMax Energy Solutions	Discover Energy Efficiency with ComfortMax! Transform your home with ComfortMax Energy Solutions, your partner in sustainable energy solutions. Our comprehensive services cover solar panels, heat pump...	https://www.energysage.com/supplier/28388/comfortmax-energy-solutions/	MA	42 Morton St Framingham, MA 01702 United States	42 Morton St Framingham, MA 01701	comfortmax-energy-solutions_1745080721_1 | comfortmax-energy-solutions_1745080721_2 | comfortmax-energy-solutions_1745080721_3 | comfortmax-energy-solutions_1745080721_4 | comfortmax-energy-solutions_1745080721_5 | comfortmax-energy-solutions_1745080722_6 | comfortmax-energy-solutions_1745080722_7 | comfortmax-energy-solutions_1745080722_8 | comfortmax-energy-solutions_1745080722_9 | comfortmax-energy-solutions_1745080722_10 | comfortmax-energy-solutions_1745080723_11 | comfortmax-energy-solutions_1745080723_12 | comfortmax-energy-solutions_1745080723_13 | comfortmax-energy-solutions_1745080723_14 | comfortmax-energy-solutions_1745080723_15 | comfortmax-energy-solutions_1745080724_16 | comfortmax-energy-solutions_1745080724_17 | comfortmax-energy-solutions_1745080724_18 | comfortmax-energy-solutions_1745080724_19 | comfortmax-energy-solutions_1745080725_20 | comfortmax-energy-solutions_1745080725_21 | comfortmax-energy-solutions_1745080725_22 | comfortmax-energy-solutions_1745080725_23 | comfortmax-energy-solutions_1745080726_24 | comfortmax-energy-solutions_1745080726_25 | comfortmax-energy-solutions_1745080726_26 | comfortmax-energy-solutions_1745080726_27 | comfortmax-energy-solutions_1745080727_28 | comfortmax-energy-solutions_1745080727_29 | comfortmax-energy-solutions_1745080727_30 | comfortmax-energy-solutions_1745080727_31 | comfortmax-energy-solutions_1745080728_32 | comfortmax-energy-solutions_1745080728_33 | comfortmax-energy-solutions_1745080728_34 | comfortmax-energy-solutions_1745080729_35 | comfortmax-energy-solutions_1745080729_36 | comfortmax-energy-solutions_1745080729_37 | comfortmax-energy-solutions_1745080729_38 | comfortmax-energy-solutions_1745080729_39	39	0	5.0	23
21	ReVision Energy	We believe shopping for solar should be different. Solar is a long-term investment. You’re not just here to buy a system, but a 25+ year relationship with an installer. Sunbug and ReVision Energy wil...	https://www.energysage.com/supplier/713/revision-energy/	MA	66 Westfield Industrial Park Rd Westfield, MA 01085 United States	66 Westfield Industrial Park Road Westfield, MA 01085	revision-energy_1745080760_1 | revision-energy_1745080761_2 | revision-energy_1745080761_3 | revision-energy_1745080761_4 | revision-energy_1745080761_5	4	1	5.0	26
22	New England Solar + Green	With over 25 years of long-established experience we couldn’t be more invested in renewable energy. We use the latest technology from the world’s top product manufacturers to deliver great solar power...	https://www.energysage.com/supplier/20583/new-england-solar-green/	MA	65 North Street Williamstown, MA 01267 United States		new-england-solar-green_1745080795_1 | new-england-solar-green_1745080796_2 | new-england-solar-green_1745080796_3 | new-england-solar-green_1745080796_4 | new-england-solar-green_1745080797_5 | new-england-solar-green_1745080797_6 | new-england-solar-green_1745080797_7 | new-england-solar-green_1745080797_8 | new-england-solar-green_1745080797_9 | new-england-solar-green_1745080798_10 | new-england-solar-green_1745080798_11 | new-england-solar-green_1745080798_13 | new-england-solar-green_1745080799_14 | new-england-solar-green_1745080799_15	14	0	5.0	13
23	NRGTree Consulting, LLC	NRGTree is a team of financial analysts and development experts that has been delivering turnkey solar solutions to commercial property owners since 2015. Through our network of friends, family, and b...	https://www.energysage.com/supplier/26538/nrgtree-consulting-llc/	MA,NH,RI	128 Warren St Lowell, MA 01852 United States		nrgtree-consulting-llc_1745080825_1 | nrgtree-consulting-llc_1745080825_2 | nrgtree-consulting-llc_1745080826_3 | nrgtree-consulting-llc_1745080826_4 | nrgtree-consulting-llc_1745080826_5 | nrgtree-consulting-llc_1745080827_6 | nrgtree-consulting-llc_1745080827_7 | nrgtree-consulting-llc_1745080827_8 | nrgtree-consulting-llc_1745080827_9 | nrgtree-consulting-llc_1745080828_10 | nrgtree-consulting-llc_1745080828_11 | nrgtree-consulting-llc_1745080828_12 | nrgtree-consulting-llc_1745080829_13 | nrgtree-consulting-llc_1745080829_14 | nrgtree-consulting-llc_1745080829_15 | nrgtree-consulting-llc_1745080829_16 | nrgtree-consulting-llc_1745080830_17 | nrgtree-consulting-llc_1745080830_18 | nrgtree-consulting-llc_1745080831_19 | nrgtree-consulting-llc_1745080831_20 | nrgtree-consulting-llc_1745080832_21 | nrgtree-consulting-llc_1745080832_22 | nrgtree-consulting-llc_1745080832_23	23	0	5.0	11
24	Elite Electrical Contracting	We are committed to meeting our clients' needs and ensuring customer satisfaction in every system we build and install. Our focus is on delivering quality solutions that exceed your expectations.	https://www.energysage.com/supplier/28187/elite-electrical-contracting/	CT,MA	52 Scantic Road East Windsor, CT 06088 United States		elite-electrical-contracting_1745080853_1 | elite-electrical-contracting_1745080853_2 | elite-electrical-contracting_1745080854_3 | elite-electrical-contracting_1745080854_4 | elite-electrical-contracting_1745080854_5 | elite-electrical-contracting_1745080854_6 | elite-electrical-contracting_1745080855_7	7	0	5.0	13
25	United Better Homes, LLC	Going solar has never been easier, or more affordable! Our solar panel installations for Massachusetts and Rhode Island offer homeowners the best of both worlds. With a 30-year warranty, you can be su...	https://www.energysage.com/supplier/26833/united-better-homes-llc/	MA,RI	535 Pine Street Central Falls, RI 02863 United States	535 Pine street Central Falls, RI 02863 | 65 Water Street Worcester, MA 01604	united-better-homes-llc_1745080879_1 | united-better-homes-llc_1745080880_2 | united-better-homes-llc_1745080880_3 | united-better-homes-llc_1745080880_4 | united-better-homes-llc_1745080880_5 | united-better-homes-llc_1745080881_6 | united-better-homes-llc_1745080881_7 | united-better-homes-llc_1745080881_8 | united-better-homes-llc_1745080881_9 | united-better-homes-llc_1745080881_10 | united-better-homes-llc_1745080882_11 | united-better-homes-llc_1745080882_12 | united-better-homes-llc_1745080882_13	13	0	5.0	14
26	C&L Power Solutions	Switch to solar with experts you can trust! Our team of licensed electricians deliver precision installations, transparent service, and premium systems tailored to your needs, saving you money and ene...	https://www.energysage.com/supplier/28908/cl-power-solutions/	MA,RI	205 West St Auburn, MA 01501 United States		cl-power-solutions_1745080906_1 | cl-power-solutions_1745080907_2 | cl-power-solutions_1745080907_3	3	0	5.0	1
27	Reliable Solar Solutions, Inc.	Our goals at Reliable Solar Solutions is to offer the best Value in the industry, amazing Customer Service, and always keep our Promises!	https://www.energysage.com/supplier/21703/reliable-solar-solutions-inc/	MA	1 Chace Rd., #15 E. Freetown, MA 02717 United States		reliable-solar-solutions-inc_1745080923_1 | reliable-solar-solutions-inc_1745080923_2 | reliable-solar-solutions-inc_1745080923_3 | reliable-solar-solutions-inc_1745080924_4 | reliable-solar-solutions-inc_1745080924_5 | reliable-solar-solutions-inc_1745080924_6 | reliable-solar-solutions-inc_1745080924_7 | reliable-solar-solutions-inc_1745080924_8 | reliable-solar-solutions-inc_1745080924_9 | reliable-solar-solutions-inc_1745080925_10 | reliable-solar-solutions-inc_1745080925_11 | reliable-solar-solutions-inc_1745080925_12 | reliable-solar-solutions-inc_1745080925_13 | reliable-solar-solutions-inc_1745080925_14 | reliable-solar-solutions-inc_1745080925_15 | reliable-solar-solutions-inc_1745080926_16 | reliable-solar-solutions-inc_1745080926_17 | reliable-solar-solutions-inc_1745080926_18	13	5	5.0	10
28	Clean Earth Energy	Clean Earth Energy is a local, family-owned solar installer committed to putting the customer first. At Clean Earth Energy, we pride ourselves on our expertise, craftsmanship, and clear communication ...	https://www.energysage.com/supplier/28824/clean-earth-energy/	MA	MA United States		clean-earth-energy_1745080948_1 | clean-earth-energy_1745080948_2 | clean-earth-energy_1745080948_3 | clean-earth-energy_1745080949_4 | clean-earth-energy_1745080949_5	5	0	5.0	3
29	SolarFlair Energy, Inc	SolarFlair Energy is locally owned and operated, serving home and business owners since 2007. Choosing SolarFlair means your project is handled from start to finish by SolarFlair Energy staff. Whether...	https://www.energysage.com/supplier/556/solarflair-energy-inc/	MA	3 Industrial Park Rd Medway, MA 01721 United States		solarflair-energy-inc_1745080965_1 | solarflair-energy-inc_1745080965_2 | solarflair-energy-inc_1745080966_3 | solarflair-energy-inc_1745080966_4 | solarflair-energy-inc_1745080966_5 | solarflair-energy-inc_1745080966_6 | solarflair-energy-inc_1745080967_7 | solarflair-energy-inc_1745080967_8 | solarflair-energy-inc_1745080967_9 | solarflair-energy-inc_1745080967_10 | solarflair-energy-inc_1745080968_11 | solarflair-energy-inc_1745080968_12	12	0	5.0	1
30	SunFlower LLC x Collins & Sons Electric LLC	If you expect precision, attention to detail, and a truly customer-centered experience—complete with open communication any day of the week and a lifetime of support—your solar investment is safe with...	https://www.energysage.com/supplier/28480/sunflower-llc-x-collins-sons-electric-llc/	MA,ME,NH	30 Geddes Road Gilmanton I.W., NH 03837 United States		sunflower-llc-x-collins-sons-electric-llc_1745080983_1 | sunflower-llc-x-collins-sons-electric-llc_1745080983_2 | sunflower-llc-x-collins-sons-electric-llc_1745080984_3	3	0	5.0	8
31	Harvest Sun Solar	Embrace the Future with Clean, Affordable Solar Energy Harvest Sun Solar is your trusted partner on Martha's Vineyard, MA, committed to transforming how you power your life. We’re here to guide you th...	https://www.energysage.com/supplier/22718/harvest-sun-solar/	MA	455 State Rd. Suite 275 Vineyard Haven, MA 02568 United States		harvest-sun-solar_1745081002_1 | harvest-sun-solar_1745081002_2 | harvest-sun-solar_1745081003_3 | harvest-sun-solar_1745081003_4 | harvest-sun-solar_1745081003_5 | harvest-sun-solar_1745081003_6 | harvest-sun-solar_1745081004_7 | harvest-sun-solar_1745081004_8 | harvest-sun-solar_1745081004_9 | harvest-sun-solar_1745081005_10 | harvest-sun-solar_1745081005_11	11	0	5.0	3
32	Earthlight Technologies, LLC	We are a family owned and operated solar Installer, providing a high quality experience from start to finish. We only pride ourself in using the highest quality equipment available, teamed up with hig...	https://www.energysage.com/supplier/20693/earthlight-technologies-llc/	CT,MA,ME,NH,NY,OR,RI,VT	128 West Road Ellington, CT 06029 United States	128 West Road Ellington, CT 06029 | 812 McClaine ST. Silverton, OR 97381	earthlight-technologies-llc_1745081020_1 | earthlight-technologies-llc_1745081020_2 | earthlight-technologies-llc_1745081020_3 | earthlight-technologies-llc_1745081021_4 | earthlight-technologies-llc_1745081021_5 | earthlight-technologies-llc_1745081021_6 | earthlight-technologies-llc_1745081021_7 | earthlight-technologies-llc_1745081022_8 | earthlight-technologies-llc_1745081022_9 | earthlight-technologies-llc_1745081022_10 | earthlight-technologies-llc_1745081022_11 | earthlight-technologies-llc_1745081023_12 | earthlight-technologies-llc_1745081023_13 | earthlight-technologies-llc_1745081023_14 | earthlight-technologies-llc_1745081023_15 | earthlight-technologies-llc_1745081023_16 | earthlight-technologies-llc_1745081024_17 | earthlight-technologies-llc_1745081024_18 | earthlight-technologies-llc_1745081024_19 | earthlight-technologies-llc_1745081025_20	20	0	5.0	35
33	Smart Roof Capital for Commercial	From the moment you you start interacting with SmartRoof Capital, you will be speaking to a project manager with 5+ years of experience in the solar industry. No entry level sales reps. You will have ...	https://www.energysage.com/supplier/28160/smart-roof-capital-for-commercial/	MA	6 Spice Street Charlestown, MA Charlestown, 02129 United States		smart-roof-capital-for-commercial_1745081065_1 | smart-roof-capital-for-commercial_1745081065_2 | smart-roof-capital-for-commercial_1745081066_3 | smart-roof-capital-for-commercial_1745081066_4 | smart-roof-capital-for-commercial_1745081066_5 | smart-roof-capital-for-commercial_1745081066_6 | smart-roof-capital-for-commercial_1745081067_7 | smart-roof-capital-for-commercial_1745081067_8 | smart-roof-capital-for-commercial_1745081067_9 | smart-roof-capital-for-commercial_1745081067_10 | smart-roof-capital-for-commercial_1745081068_11 | smart-roof-capital-for-commercial_1745081068_12 | smart-roof-capital-for-commercial_1745081068_13	12	1	0	0
34	Viridis Energy for Commercial	There is no denying that solar is making a huge difference for our customers! Be it the financial benefits, environmental benefits, community benefits or even energy independence, solar helps you not ...	https://www.energysage.com/supplier/27113/viridis-energy-for-commercial/	MA	185 New Boston St. Woburn, MA 01527 United States			0	0	0	0
35	Commercial Solar Guy for Commercial	With over 30 years of experience in the solar industry. Commercial Solar Guy partners with business and land owners that are curious about the benefits of commercial solar to determine if it is the ri...	https://www.energysage.com/supplier/27003/commercial-solar-guy-for-commercial/	MA,RI	1213 Purchase St #2-50, New Bedford, MA 02740 New Bedford, MA 02740 United States		commercial-solar-guy-for-commercial_1745081097_1 | commercial-solar-guy-for-commercial_1745081098_2 | commercial-solar-guy-for-commercial_1745081098_3 | commercial-solar-guy-for-commercial_1745081098_4	4	0	0	0
36	NorthEast Solar + Roofing for Commercial	Northeast Solar has been designing and installing solar out of our Hatfield office for over ten years. Solar technology has changed a lot in that time, but we’ve always stayed true to our core values ...	https://www.energysage.com/supplier/28161/northeast-solar-roofing-for-commercial/	MA	136 Elm Street Hatfield, MA 01038 United States			0	0	0	0
37	3rd Roc Solar for Commercial	We make solar easy & affordable! Easy financing and an expert team that maximizes incentives, including rebates and REAP grants. Enjoy top-quality, in-house installations and a seamless process design...	https://www.energysage.com/supplier/28446/3rd-roc-solar-for-commercial/	MA,NY	101 Sully's Trail # 20, pittsford, NY 14534 US			0	0	0	0
38	Great Sky Solar for Commercial	N/A	https://www.energysage.com/supplier/28159/great-sky-solar-for-commercial/	MA,NY	3 Bow St Suite 3 Lexington, MA 02420 United States			0	0	0	0
